{
  "n": 30,
  "K": 2,
  "v_best": 1.013047641022923,
  "cr_best": 0.5065238205114615,
  "num_meaningful_vars": 116
}