{
  "Q1_k1": {
    "alpha_grid": [
      0.0,
      0.1,
      0.2,
      0.30000000000000004,
      0.4,
      0.5,
      0.6000000000000001,
      0.7000000000000001,
      0.8,
      0.9,
      1.0
    ],
    "B_range": [
      1,
      2,
      3
    ],
    "cr_surface": [
      [
        0.5065238205114615,
        0.5063322241983882,
        0.5056763415256911,
        0.5050249258454742,
        0.5044187344453575,
        0.5038750194704068,
        0.50339901029479,
        0.5027949101265344,
        0.5022014100618191,
        0.5017034333648192,
        0.5009628779502919
      ],
      [
        0.5065238205114615,
        0.5054160307002581,
        0.5044187344453575,
        0.50339901029479,
        0.5022007578972899,
        0.5009822291123381,
        0.49988234716346835,
        0.49877639059458617,
        0.4976741170876903,
        0.4965644255246866,
        0.4954391797430155
      ],
      [
        0.5065238205114615,
        0.5050249258454742,
        0.50339901029479,
        0.5015862803330401,
        0.49988234716346835,
        0.49816966379330285,
        0.496512200604212,
        0.4948181166544632,
        0.49314811762603594,
        0.4914741864228397,
        0.48979976750788584
      ]
    ],
    "v_worst_by_B": {
      "1": 1.0019257559005839,
      "2": 0.990878359486031,
      "3": 0.9795995350157717
    }
  },
  "Q1_k2": {
    "alpha_grid": [
      0.0,
      0.1,
      0.2,
      0.30000000000000004,
      0.4,
      0.5,
      0.6000000000000001,
      0.7000000000000001,
      0.8,
      0.9,
      1.0
    ],
    "B_range": [
      1,
      2,
      3
    ],
    "cr_surface": [
      [
        0.5065238205114615,
        0.5065238205114615,
        0.5059696613715491,
        0.5051997865683259,
        0.5045004259637309,
        0.5045004259637309,
        0.5038693078324631,
        0.503321930739773,
        0.5023945016101712,
        0.5020027948631087,
        0.5013387130180731
      ],
      [
        0.5065238205114615,
        0.5059696613715491,
        0.5045796561022335,
        0.5038503085311932,
        0.5026235430849229,
        0.5016523267742785,
        0.5005004795739499,
        0.499462069471991,
        0.49856100314819674,
        0.4974517292304098,
        0.49641882796192827
      ],
      [
        0.5065238205114615,
        0.5051997865683259,
        0.5038503085311932,
        0.5021174355659218,
        0.5006717373409899,
        0.4991360645262978,
        0.4976715275991811,
        0.49620176289864404,
        0.4947175177049019,
        0.49328495517980653,
        0.4917478063818552
      ]
    ],
    "v_worst_by_B": {
      "1": 1.0026774260361462,
      "2": 0.9928376559238565,
      "3": 0.9834956127637104
    }
  },
  "Q2_k1": {
    "alpha_grid": [
      0.0,
      0.1,
      0.2,
      0.30000000000000004,
      0.4,
      0.5,
      0.6000000000000001,
      0.7000000000000001,
      0.8,
      0.9,
      1.0
    ],
    "B_range": [
      1,
      2,
      3
    ],
    "cr_surface": [
      [
        0.5065238205114615,
        0.5065238205114615,
        0.5065238205114615,
        0.5045700136821076,
        0.5039012511972533,
        0.5030583990450558,
        0.502375349103793,
        0.5015420053667939,
        0.50108538135069,
        0.5003884549922926,
        0.4993854881596791
      ],
      [
        0.5065238205114615,
        0.5065238205114615,
        0.5036419563432557,
        0.502105274185759,
        0.5006023246809355,
        0.4991300476066176,
        0.49766791955014394,
        0.4962157556215257,
        0.4946825794269592,
        0.49327323200348944,
        0.4916939541857184
      ],
      [
        0.5065238205114615,
        0.5042888268971575,
        0.5019057211844817,
        0.49959131570915677,
        0.497280135319479,
        0.494967515065487,
        0.49265738896719524,
        0.4903452770143407,
        0.48806261884777863,
        0.48576520279210417,
        0.483409996056519
      ]
    ],
    "v_worst_by_B": {
      "1": 0.9987709763193582,
      "2": 0.9833879083714367,
      "3": 0.966819992113038
    }
  },
  "Q2_k2": {
    "alpha_grid": [
      0.0,
      0.1,
      0.2,
      0.30000000000000004,
      0.4,
      0.5,
      0.6000000000000001,
      0.7000000000000001,
      0.8,
      0.9,
      1.0
    ],
    "B_range": [
      1,
      2,
      3
    ],
    "cr_surface": [
      [
        0.5065238205114615,
        0.5063288827891637,
        0.5063288827891637,
        0.5063288827891637,
        0.5057573463978531,
        0.5057573463978531,
        0.5053450162391281,
        0.5053450162391281,
        0.5050404181607929,
        0.5047615845633336,
        0.5045065155166604
      ],
      [
        0.5065238205114615,
        0.5063288827891637,
        0.5057573463978531,
        0.5053450162391281,
        0.5050404181607929,
        0.5045065155166604,
        0.5041980541134261,
        0.5036871670525779,
        0.503271281935114,
        0.5028653240711431,
        0.5024478028372582
      ],
      [
        0.5065238205114615,
        0.5063288827891637,
        0.5053450162391281,
        0.5046621004649545,
        0.5041980541134261,
        0.503427441739876,
        0.5027920588087557,
        0.5021758878329942,
        0.5015395525131325,
        0.5009147464278225,
        0.5002911024106926
      ]
    ],
    "v_worst_by_B": {
      "1": 1.0090130310333207,
      "2": 1.0048956056745164,
      "3": 1.0005822048213853
    }
  }
}